Pais 1,Pais 2
Argentina,Uruguay
Argentina,South Africa
Argentina,Libya
Argentina,Sweden
Argentina,Qatar
Argentina,Thailand
Argentina,Mexico
Argentina,Italy
Argentina,Turkey
Argentina,Austria
Argentina,Egypt
Argentina,Germany
Argentina,India
Argentina,Israel
Argentina,Portugal
Argentina,Russia
Australia,United Arab Emirates
Australia,Switzerland
Australia,Russia
Australia,Canada
Australia,Costa Rica
Australia,Brazil
Australia,Egypt
Australia,Austria
Australia,Croatia
Australia,Argentina
Australia,Japan
Australia,France
Australia,Greece
Australia,Italy
Australia,Qatar
Australia,Nepal
Australia,South Korea
Australia,Germany
Australia,Saudi Arabia
Austria,Italy
Austria,Turkey
Austria,Egypt
Austria,Croatia
Austria,Germany
Austria,Netherlands
Austria,Brazil
Austria,Costa Rica
Austria,France
Austria,Australia
Austria,United Arab Emirates
Austria,Japan
Austria,New Zealand
Austria,Switzerland
Austria,Saudi Arabia
Austria,Greece
Brazil,Israel
Brazil,Kenya
Brazil,Spain
Brazil,Denmark
Brazil,Turkey
Brazil,Colombia
Brazil,Nepal
Brazil,Qatar
Brazil,Libya
Brazil,South Korea
Brazil,New Zealand
Brazil,Australia
Brazil,Costa Rica
Brazil,Japan
Brazil,Netherlands
Brazil,United Arab Emirates
Canada,Qatar
Canada,China
Canada,Iran
Canada,Colombia
Canada,Uruguay
Canada,Kenya
Canada,United Kingdom
Canada,South Africa
Canada,Austria
Canada,France
Canada,Hong Kong
Canada,Egypt
Canada,Japan
Canada,Israel
Canada,Mexico
Canada,Brazil
Canada,Greece
Chile,United Arab Emirates
Chile,Colombia
Chile,United States
Chile,Costa Rica
Chile,Russia
Chile,Switzerland
Chile,France
Chile,South Korea
Chile,Netherlands
Chile,Portugal
Chile,Israel
Chile,Greece
Chile,Spain
Chile,Austria
Chile,Croatia
Chile,Egypt
Chile,South Africa
China,Russia
China,Sweden
China,Colombia
China,Iran
China,Germany
China,Libya
China,Israel
China,Italy
China,Japan
China,Mexico
China,Austria
China,Portugal
China,New Zealand
China,Hong Kong
China,Spain
China,United Kingdom
Colombia,Israel
Colombia,Japan
Colombia,Qatar
Colombia,Greece
Colombia,Portugal
Colombia,Chile
Colombia,Nepal
Colombia,Germany
Colombia,France
Colombia,China
Colombia,Libya
Colombia,United Arab Emirates
Colombia,Kenya
Colombia,Switzerland
Colombia,India
Colombia,Uruguay
Colombia,Norway
Colombia,Egypt
Croatia,Turkey
Croatia,France
Croatia,Brazil
Croatia,Germany
Croatia,India
Croatia,Australia
Croatia,Kenya
Croatia,United Arab Emirates
Croatia,Iran
Croatia,China
Croatia,South Africa
Croatia,Argentina
Croatia,Greece
Croatia,Norway
Croatia,Qatar
Croatia,Colombia
Croatia,Nepal
Costa Rica,Argentina
Costa Rica,Colombia
Costa Rica,Saudi Arabia
Costa Rica,United Kingdom
Costa Rica,Libya
Costa Rica,Russia
Costa Rica,Nepal
Costa Rica,India
Costa Rica,Japan
Costa Rica,Hong Kong
Costa Rica,Egypt
Costa Rica,Australia
Costa Rica,Spain
Costa Rica,Thailand
Costa Rica,Switzerland
Costa Rica,Denmark
Denmark,Uruguay
Denmark,Colombia
Denmark,Costa Rica
Denmark,Saudi Arabia
Denmark,Canada
Denmark,Brazil
Denmark,Germany
Denmark,Norway
Denmark,France
Denmark,Italy
Denmark,Japan
Denmark,Nepal
Denmark,Thailand
Denmark,Qatar
Denmark,Spain
Denmark,United Kingdom
Denmark,New Zealand
Egypt,Italy
Egypt,Brazil
Egypt,Netherlands
Egypt,France
Egypt,Spain
Egypt,Portugal
Egypt,Kenya
Egypt,Russia
Egypt,Uruguay
Egypt,China
Egypt,Argentina
Egypt,South Korea
Egypt,United Kingdom
Egypt,Switzerland
Egypt,Greece
Egypt,United States
Egypt,Colombia
Egypt,Thailand
Egypt,Chile
France,Israel
France,Spain
France,Egypt
France,Nepal
France,Denmark
France,Colombia
France,Austria
France,Greece
France,Russia
France,Canada
France,Thailand
France,United States
France,Saudi Arabia
France,United Kingdom
France,Argentina
France,South Africa
France,Australia
France,Hong Kong
France,Kenya
Germany,Spain
Germany,Brazil
Germany,Croatia
Germany,Denmark
Germany,Egypt
Germany,Iran
Germany,Italy
Germany,Greece
Germany,Canada
Germany,Switzerland
Germany,United States
Germany,China
Germany,Costa Rica
Germany,Netherlands
Germany,Russia
Greece,Croatia
Greece,Russia
Greece,Germany
Greece,France
Greece,Kenya
Greece,Norway
Greece,Switzerland
Greece,Mexico
Greece,Denmark
Greece,South Africa
Greece,China
Greece,Saudi Arabia
Greece,Sweden
Greece,Libya
Greece,United Kingdom
Greece,Netherlands
Greece,Japan
Hong Kong,Mexico
Hong Kong,Turkey
Hong Kong,Australia
Hong Kong,Greece
Hong Kong,Japan
Hong Kong,Thailand
Hong Kong,Spain
Hong Kong,Sweden
Hong Kong,Egypt
Hong Kong,South Africa
Hong Kong,Iran
Hong Kong,India
Hong Kong,Kenya
Hong Kong,Canada
Hong Kong,United Arab Emirates
Hong Kong,Costa Rica
Hong Kong,United States
Hong Kong,Saudi Arabia
Hong Kong,France
Hong Kong,Argentina
India,South Korea
India,South Africa
India,New Zealand
India,Saudi Arabia
India,United Kingdom
India,Russia
India,Kenya
India,Israel
India,Uruguay
India,Japan
India,Austria
India,Portugal
India,Croatia
India,Brazil
India,Thailand
India,United States
India,Norway
Iran,Japan
Iran,Egypt
Iran,Australia
Iran,Turkey
Iran,Chile
Iran,Nepal
Iran,Brazil
Iran,France
Iran,Saudi Arabia
Iran,Germany
Iran,China
Iran,United States
Iran,Kenya
Iran,New Zealand
Iran,Croatia
Iran,United Kingdom
Iran,Spain
Israel,Chile
Israel,Argentina
Israel,Libya
Israel,South Africa
Israel,New Zealand
Israel,India
Israel,Australia
Israel,Uruguay
Israel,Hong Kong
Israel,Brazil
Israel,Egypt
Israel,Croatia
Israel,Greece
Israel,Germany
Israel,Canada
Israel,Thailand
Israel,Denmark
Israel,Italy
Italy,Kenya
Italy,Libya
Italy,Austria
Italy,Saudi Arabia
Italy,South Africa
Italy,Colombia
Italy,South Korea
Italy,Denmark
Italy,Nepal
Italy,Norway
Italy,Greece
Italy,Thailand
Italy,Germany
Italy,Turkey
Italy,Croatia
Italy,Hong Kong
Italy,Uruguay
Italy,Israel
Japan,Nepal
Japan,Greece
Japan,Netherlands
Japan,Thailand
Japan,Brazil
Japan,Spain
Japan,Sweden
Japan,Croatia
Japan,Colombia
Japan,Uruguay
Japan,Iran
Japan,Costa Rica
Japan,Canada
Japan,Kenya
Japan,Germany
Kenya,Canada
Kenya,France
Kenya,Costa Rica
Kenya,Colombia
Kenya,United Arab Emirates
Kenya,Iran
Kenya,Netherlands
Kenya,Greece
Kenya,Australia
Kenya,Thailand
Kenya,Nepal
Kenya,Mexico
Kenya,Chile
Kenya,Turkey
Kenya,Libya
Kenya,Brazil
Libya,Saudi Arabia
Libya,Norway
Libya,Sweden
Libya,United Kingdom
Libya,Chile
Libya,Hong Kong
Libya,Japan
Libya,Portugal
Libya,Nepal
Libya,Spain
Libya,Netherlands
Libya,Germany
Libya,Egypt
Libya,Austria
Libya,Italy
Libya,Mexico
Libya,Qatar
Mexico,Uruguay
Mexico,Kenya
Mexico,Iran
Mexico,United States
Mexico,Costa Rica
Mexico,Saudi Arabia
Mexico,Norway
Mexico,Libya
Mexico,South Korea
Mexico,Argentina
Mexico,United Kingdom
Mexico,Hong Kong
Mexico,Chile
Mexico,Portugal
Mexico,Spain
Mexico,Sweden
Mexico,Croatia
Mexico,South Africa
Nepal,Uruguay
Nepal,Kenya
Nepal,Iran
Nepal,Costa Rica
Nepal,Switzerland
Nepal,Brazil
Nepal,Argentina
Nepal,Turkey
Nepal,China
Nepal,Spain
Nepal,Thailand
Nepal,Australia
Nepal,Qatar
Nepal,South Africa
Nepal,Netherlands
Nepal,United Kingdom
Nepal,New Zealand
Netherlands,Japan
Netherlands,Italy
Netherlands,Mexico
Netherlands,Chile
Netherlands,Denmark
Netherlands,Sweden
Netherlands,Libya
Netherlands,South Korea
Netherlands,China
Netherlands,Colombia
Netherlands,Kenya
Netherlands,Norway
Netherlands,United Kingdom
Netherlands,Russia
New Zealand,India
New Zealand,Sweden
New Zealand,Canada
New Zealand,Kenya
New Zealand,Switzerland
New Zealand,United States
New Zealand,United Arab Emirates
New Zealand,Uruguay
New Zealand,Iran
New Zealand,South Korea
New Zealand,Libya
New Zealand,Saudi Arabia
New Zealand,France
New Zealand,Nepal
New Zealand,Mexico
New Zealand,Australia
New Zealand,Portugal
New Zealand,Spain
Norway,Uruguay
Norway,Colombia
Norway,Brazil
Norway,Switzerland
Norway,Sweden
Norway,United Kingdom
Norway,Spain
Norway,Portugal
Norway,Nepal
Norway,Mexico
Norway,Qatar
Norway,France
Norway,Greece
Norway,Saudi Arabia
Norway,South Korea
Portugal,Libya
Portugal,Kenya
Portugal,Canada
Portugal,Egypt
Portugal,Austria
Portugal,United Kingdom
Portugal,Croatia
Portugal,Spain
Portugal,Netherlands
Portugal,Hong Kong
Portugal,Greece
Portugal,Chile
Portugal,Australia
Portugal,Denmark
Portugal,Argentina
Portugal,Germany
Portugal,Saudi Arabia
Qatar,Croatia
Qatar,Australia
Qatar,Turkey
Qatar,Egypt
Qatar,Germany
Qatar,France
Qatar,Greece
Qatar,Denmark
Qatar,Colombia
Qatar,China
Qatar,Saudi Arabia
Qatar,United Arab Emirates
Qatar,Israel
Qatar,India
Qatar,Uruguay
Russia,Canada
Russia,Costa Rica
Russia,United States
Russia,Iran
Russia,Croatia
Russia,Austria
Russia,Sweden
Russia,Spain
Russia,Qatar
Russia,Australia
Russia,Portugal
Russia,Italy
Russia,China
Russia,Turkey
Russia,Argentina
Russia,Libya
Russia,Brazil
South Korea,China
South Korea,Argentina
South Korea,Norway
South Korea,Saudi Arabia
South Korea,United States
South Korea,Iran
South Korea,Thailand
South Korea,Denmark
South Korea,Nepal
South Korea,Chile
South Korea,Kenya
South Korea,Turkey
South Korea,Spain
South Korea,India
South Korea,United Arab Emirates
Saudi Arabia,Iran
Saudi Arabia,Colombia
Saudi Arabia,Costa Rica
Saudi Arabia,India
Saudi Arabia,Sweden
Saudi Arabia,Spain
Saudi Arabia,South Africa
Saudi Arabia,Germany
Saudi Arabia,Austria
Saudi Arabia,Mexico
Saudi Arabia,Australia
Saudi Arabia,Hong Kong
Saudi Arabia,Italy
Saudi Arabia,Thailand
Saudi Arabia,France
Saudi Arabia,Brazil
Saudi Arabia,China
South Africa,India
South Africa,Sweden
South Africa,Costa Rica
South Africa,Switzerland
South Africa,Russia
South Africa,United States
South Africa,Uruguay
South Africa,South Korea
South Africa,Turkey
South Africa,Saudi Arabia
South Africa,Thailand
South Africa,Chile
South Africa,Mexico
South Africa,Israel
South Africa,Portugal
South Africa,Australia
South Africa,Egypt
South Africa,Spain
Spain,Chile
Spain,Mexico
Spain,Nepal
Spain,Japan
Spain,Israel
Spain,Germany
Spain,Saudi Arabia
Spain,Turkey
Spain,Colombia
Spain,South Korea
Spain,Russia
Spain,Switzerland
Spain,Uruguay
Spain,Costa Rica
Spain,United States
Spain,Norway
Spain,United Arab Emirates
Spain,United Kingdom
Spain,Sweden
Spain,New Zealand
Sweden,Libya
Sweden,United States
Sweden,Switzerland
Sweden,China
Sweden,Nepal
Sweden,South Korea
Sweden,New Zealand
Sweden,Norway
Sweden,Australia
Sweden,Costa Rica
Sweden,Japan
Sweden,Uruguay
Sweden,Kenya
Sweden,France
Sweden,Egypt
Sweden,Denmark
Sweden,Qatar
Sweden,Canada
Switzerland,France
Switzerland,Russia
Switzerland,Canada
Switzerland,Kenya
Switzerland,Costa Rica
Switzerland,India
Switzerland,New Zealand
Switzerland,Brazil
Switzerland,Austria
Switzerland,Qatar
Switzerland,Hong Kong
Switzerland,Japan
Switzerland,Netherlands
Switzerland,Germany
Switzerland,Greece
Switzerland,Saudi Arabia
Switzerland,South Korea
Switzerland,Turkey
Switzerland,Libya
Switzerland,Argentina
Thailand,Netherlands
Thailand,Australia
Thailand,Chile
Thailand,Japan
Thailand,Argentina
Thailand,Libya
Thailand,Norway
Thailand,Costa Rica
Thailand,Colombia
Thailand,Kenya
Thailand,Iran
Thailand,Croatia
Thailand,New Zealand
Thailand,Egypt
Thailand,Austria
Thailand,Sweden
Turkey,Greece
Turkey,Germany
Turkey,Netherlands
Turkey,Qatar
Turkey,Japan
Turkey,Hong Kong
Turkey,Austria
Turkey,South Africa
Turkey,New Zealand
Turkey,India
Turkey,United Kingdom
Turkey,Norway
Turkey,United Arab Emirates
Turkey,Colombia
Turkey,Uruguay
Turkey,China
Turkey,Iran
Turkey,Argentina
Turkey,Saudi Arabia
United Arab Emirates,India
United Arab Emirates,United States
United Arab Emirates,Brazil
United Arab Emirates,Russia
United Arab Emirates,Iran
United Arab Emirates,South Africa
United Arab Emirates,Germany
United Arab Emirates,Spain
United Arab Emirates,Greece
United Arab Emirates,Israel
United Arab Emirates,Nepal
United Arab Emirates,Chile
United Arab Emirates,Italy
United Arab Emirates,China
United Arab Emirates,Turkey
United Arab Emirates,Argentina
United Arab Emirates,Libya
United Arab Emirates,France
United Kingdom,Libya
United Kingdom,Sweden
United Kingdom,Qatar
United Kingdom,South Korea
United Kingdom,New Zealand
United Kingdom,Portugal
United Kingdom,Switzerland
United Kingdom,Australia
United Kingdom,Kenya
United Kingdom,United Arab Emirates
United Kingdom,France
United Kingdom,Germany
United Kingdom,Austria
United Kingdom,Mexico
United Kingdom,Chile
United Kingdom,Iran
United Kingdom,Italy
United Kingdom,Greece
United Kingdom,Norway
United Kingdom,Thailand
United States,Japan
United States,Croatia
United States,Egypt
United States,Turkey
United States,Spain
United States,Qatar
United States,Brazil
United States,Greece
United States,Canada
United States,Norway
United States,South Africa
United States,Sweden
United States,United Arab Emirates
United States,Israel
United States,Portugal
United States,Uruguay
Uruguay,Norway
Uruguay,Thailand
Uruguay,France
Uruguay,Germany
Uruguay,Turkey
Uruguay,Croatia
Uruguay,Japan
Uruguay,Israel
Uruguay,Russia
Uruguay,United Arab Emirates
Uruguay,Sweden
Uruguay,Saudi Arabia
Uruguay,China
Uruguay,Iran
Uruguay,Argentina
Uruguay,Denmark
Uruguay,Switzerland
Uruguay,Italy
